username,cluster,pc1,pc2
programmer_01,3,-2.080726,0.277550
programmer_02,3,0.406045,1.155390
programmer_03,3,-0.295560,0.267968
programmer_04,0,0.667408,-1.032158
programmer_05,3,-0.644911,-0.171645
programmer_06,1,-1.888642,-2.022008
programmer_07,3,0.315225,0.818993
programmer_08,2,-2.797894,2.845091
programmer_09,3,-0.144652,0.994138
programmer_10,2,-1.277367,0.762518
programmer_11,4,3.294898,1.417865
programmer_12,3,-0.304385,0.474767
programmer_13,0,1.342256,-0.993688
programmer_14,2,0.010549,2.491249
programmer_15,4,2.817035,2.112307
programmer_16,3,0.466474,-0.847656
programmer_17,0,0.139690,-2.240174
programmer_18,4,2.505322,-0.023794
programmer_19,2,0.747561,3.147146
programmer_20,0,0.943696,-1.633525
programmer_21,0,1.943601,-4.135288
programmer_22,0,-0.515370,-1.489828
programmer_23,1,-1.294255,-0.976111
programmer_24,1,-2.633285,-0.758136
programmer_25,3,0.778521,-0.136756
programmer_26,1,-3.347119,-1.864856
programmer_27,0,1.222758,-0.981513
programmer_28,3,-2.275117,-0.430908
programmer_29,4,3.137626,-0.380989
programmer_30,2,-1.239381,3.354051
